train_type,coach_no,coach_type_code,coach_type_name,coach_layout_id
SAPSAN_TYPE1_CLASSIC,1,TYPESAPSAN_TYPE1_CLASSIC_COACH01,"Поезд SAPSAN_TYPE1_CLASSIC, вагон 01",SAPSAN_TYPE1_CLASSIC_coach01_v001
SAPSAN_TYPE1_CLASSIC,2,TYPESAPSAN_TYPE1_CLASSIC_COACH02,"Поезд SAPSAN_TYPE1_CLASSIC, вагон 02",SAPSAN_TYPE1_CLASSIC_coach02_v001
SAPSAN_TYPE1_CLASSIC,3,TYPESAPSAN_TYPE1_CLASSIC_COACH03,"Поезд SAPSAN_TYPE1_CLASSIC, вагон 03",SAPSAN_TYPE1_CLASSIC_coach03_v001
SAPSAN_TYPE1_CLASSIC,4,TYPESAPSAN_TYPE1_CLASSIC_COACH04,"Поезд SAPSAN_TYPE1_CLASSIC, вагон 04",SAPSAN_TYPE1_CLASSIC_coach04_v001
SAPSAN_TYPE1_CLASSIC,5,TYPESAPSAN_TYPE1_CLASSIC_COACH05,"Поезд SAPSAN_TYPE1_CLASSIC, вагон 05",SAPSAN_TYPE1_CLASSIC_coach05_v001
SAPSAN_TYPE1_CLASSIC,6,TYPESAPSAN_TYPE1_CLASSIC_COACH06,"Поезд SAPSAN_TYPE1_CLASSIC, вагон 06",SAPSAN_TYPE1_CLASSIC_coach06_v001
SAPSAN_TYPE1_CLASSIC,7,TYPESAPSAN_TYPE1_CLASSIC_COACH07,"Поезд SAPSAN_TYPE1_CLASSIC, вагон 07",SAPSAN_TYPE1_CLASSIC_coach07_v001
SAPSAN_TYPE1_CLASSIC,8,TYPESAPSAN_TYPE1_CLASSIC_COACH08,"Поезд SAPSAN_TYPE1_CLASSIC, вагон 08",SAPSAN_TYPE1_CLASSIC_coach08_v001
SAPSAN_TYPE1_CLASSIC,9,TYPESAPSAN_TYPE1_CLASSIC_COACH09,"Поезд SAPSAN_TYPE1_CLASSIC, вагон 09",SAPSAN_TYPE1_CLASSIC_coach09_v001
SAPSAN_TYPE1_CLASSIC,10,TYPESAPSAN_TYPE1_CLASSIC_COACH10,"Поезд SAPSAN_TYPE1_CLASSIC, вагон 10",SAPSAN_TYPE1_CLASSIC_coach10_v001
SAPSAN_TYPE2_UPDATED_FAMILY,1,TYPESAPSAN_TYPE2_UPDATED_FAMILY_COACH01,"Поезд SAPSAN_TYPE2_UPDATED_FAMILY, вагон 01",SAPSAN_TYPE2_UPDATED_FAMILY_coach01_v001
SAPSAN_TYPE2_UPDATED_FAMILY,2,TYPESAPSAN_TYPE2_UPDATED_FAMILY_COACH02,"Поезд SAPSAN_TYPE2_UPDATED_FAMILY, вагон 02",SAPSAN_TYPE2_UPDATED_FAMILY_coach02_v001
SAPSAN_TYPE2_UPDATED_FAMILY,3,TYPESAPSAN_TYPE2_UPDATED_FAMILY_COACH03,"Поезд SAPSAN_TYPE2_UPDATED_FAMILY, вагон 03",SAPSAN_TYPE2_UPDATED_FAMILY_coach03_v001
SAPSAN_TYPE2_UPDATED_FAMILY,4,TYPESAPSAN_TYPE2_UPDATED_FAMILY_COACH04,"Поезд SAPSAN_TYPE2_UPDATED_FAMILY, вагон 04",SAPSAN_TYPE2_UPDATED_FAMILY_coach04_v001
SAPSAN_TYPE2_UPDATED_FAMILY,5,TYPESAPSAN_TYPE2_UPDATED_FAMILY_COACH05,"Поезд SAPSAN_TYPE2_UPDATED_FAMILY, вагон 05",SAPSAN_TYPE2_UPDATED_FAMILY_coach05_v001
SAPSAN_TYPE2_UPDATED_FAMILY,6,TYPESAPSAN_TYPE2_UPDATED_FAMILY_COACH06,"Поезд SAPSAN_TYPE2_UPDATED_FAMILY, вагон 06",SAPSAN_TYPE2_UPDATED_FAMILY_coach06_v001
SAPSAN_TYPE2_UPDATED_FAMILY,7,TYPESAPSAN_TYPE2_UPDATED_FAMILY_COACH07,"Поезд SAPSAN_TYPE2_UPDATED_FAMILY, вагон 07",SAPSAN_TYPE2_UPDATED_FAMILY_coach07_v001
SAPSAN_TYPE2_UPDATED_FAMILY,8,TYPESAPSAN_TYPE2_UPDATED_FAMILY_COACH08,"Поезд SAPSAN_TYPE2_UPDATED_FAMILY, вагон 08",SAPSAN_TYPE2_UPDATED_FAMILY_coach08_v001
SAPSAN_TYPE2_UPDATED_FAMILY,9,TYPESAPSAN_TYPE2_UPDATED_FAMILY_COACH09,"Поезд SAPSAN_TYPE2_UPDATED_FAMILY, вагон 09",SAPSAN_TYPE2_UPDATED_FAMILY_coach09_v001
SAPSAN_TYPE2_UPDATED_FAMILY,10,TYPESAPSAN_TYPE2_UPDATED_FAMILY_COACH10,"Поезд SAPSAN_TYPE2_UPDATED_FAMILY, вагон 10",SAPSAN_TYPE2_UPDATED_FAMILY_coach10_v001
SAPSAN_TYPE3_UPDATED_ECONPLUS,1,TYPESAPSAN_TYPE3_UPDATED_ECONPLUS_COACH01,"Поезд SAPSAN_TYPE3_UPDATED_ECONPLUS, вагон 01",SAPSAN_TYPE3_UPDATED_ECONPLUS_coach01_v001
SAPSAN_TYPE3_UPDATED_ECONPLUS,2,TYPESAPSAN_TYPE3_UPDATED_ECONPLUS_COACH02,"Поезд SAPSAN_TYPE3_UPDATED_ECONPLUS, вагон 02",SAPSAN_TYPE3_UPDATED_ECONPLUS_coach02_v001
SAPSAN_TYPE3_UPDATED_ECONPLUS,3,TYPESAPSAN_TYPE3_UPDATED_ECONPLUS_COACH03,"Поезд SAPSAN_TYPE3_UPDATED_ECONPLUS, вагон 03",SAPSAN_TYPE3_UPDATED_ECONPLUS_coach03_v001
SAPSAN_TYPE3_UPDATED_ECONPLUS,4,TYPESAPSAN_TYPE3_UPDATED_ECONPLUS_COACH04,"Поезд SAPSAN_TYPE3_UPDATED_ECONPLUS, вагон 04",SAPSAN_TYPE3_UPDATED_ECONPLUS_coach04_v001
SAPSAN_TYPE3_UPDATED_ECONPLUS,5,TYPESAPSAN_TYPE3_UPDATED_ECONPLUS_COACH05,"Поезд SAPSAN_TYPE3_UPDATED_ECONPLUS, вагон 05",SAPSAN_TYPE3_UPDATED_ECONPLUS_coach05_v001
SAPSAN_TYPE3_UPDATED_ECONPLUS,6,TYPESAPSAN_TYPE3_UPDATED_ECONPLUS_COACH06,"Поезд SAPSAN_TYPE3_UPDATED_ECONPLUS, вагон 06",SAPSAN_TYPE3_UPDATED_ECONPLUS_coach06_v001
SAPSAN_TYPE3_UPDATED_ECONPLUS,7,TYPESAPSAN_TYPE3_UPDATED_ECONPLUS_COACH07,"Поезд SAPSAN_TYPE3_UPDATED_ECONPLUS, вагон 07",SAPSAN_TYPE3_UPDATED_ECONPLUS_coach07_v001
SAPSAN_TYPE3_UPDATED_ECONPLUS,8,TYPESAPSAN_TYPE3_UPDATED_ECONPLUS_COACH08,"Поезд SAPSAN_TYPE3_UPDATED_ECONPLUS, вагон 08",SAPSAN_TYPE3_UPDATED_ECONPLUS_coach08_v001
SAPSAN_TYPE3_UPDATED_ECONPLUS,9,TYPESAPSAN_TYPE3_UPDATED_ECONPLUS_COACH09,"Поезд SAPSAN_TYPE3_UPDATED_ECONPLUS, вагон 09",SAPSAN_TYPE3_UPDATED_ECONPLUS_coach09_v001
SAPSAN_TYPE3_UPDATED_ECONPLUS,10,TYPESAPSAN_TYPE3_UPDATED_ECONPLUS_COACH10,"Поезд SAPSAN_TYPE3_UPDATED_ECONPLUS, вагон 10",SAPSAN_TYPE3_UPDATED_ECONPLUS_coach10_v001
SAPSAN_TYPE4_DOUBLE_BUSINESS,1,TYPESAPSAN_TYPE4_DOUBLE_BUSINESS_COACH01,"Поезд SAPSAN_TYPE4_DOUBLE_BUSINESS, вагон 01",SAPSAN_TYPE4_DOUBLE_BUSINESS_coach01_v001
SAPSAN_TYPE4_DOUBLE_BUSINESS,2,TYPESAPSAN_TYPE4_DOUBLE_BUSINESS_COACH02,"Поезд SAPSAN_TYPE4_DOUBLE_BUSINESS, вагон 02",SAPSAN_TYPE4_DOUBLE_BUSINESS_coach02_v001
SAPSAN_TYPE4_DOUBLE_BUSINESS,3,TYPESAPSAN_TYPE4_DOUBLE_BUSINESS_COACH03,"Поезд SAPSAN_TYPE4_DOUBLE_BUSINESS, вагон 03",SAPSAN_TYPE4_DOUBLE_BUSINESS_coach03_v001
SAPSAN_TYPE4_DOUBLE_BUSINESS,4,TYPESAPSAN_TYPE4_DOUBLE_BUSINESS_COACH04,"Поезд SAPSAN_TYPE4_DOUBLE_BUSINESS, вагон 04",SAPSAN_TYPE4_DOUBLE_BUSINESS_coach04_v001
SAPSAN_TYPE4_DOUBLE_BUSINESS,5,TYPESAPSAN_TYPE4_DOUBLE_BUSINESS_COACH05,"Поезд SAPSAN_TYPE4_DOUBLE_BUSINESS, вагон 05",SAPSAN_TYPE4_DOUBLE_BUSINESS_coach05_v001
SAPSAN_TYPE4_DOUBLE_BUSINESS,6,TYPESAPSAN_TYPE4_DOUBLE_BUSINESS_COACH06,"Поезд SAPSAN_TYPE4_DOUBLE_BUSINESS, вагон 06",SAPSAN_TYPE4_DOUBLE_BUSINESS_coach06_v001
SAPSAN_TYPE4_DOUBLE_BUSINESS,7,TYPESAPSAN_TYPE4_DOUBLE_BUSINESS_COACH07,"Поезд SAPSAN_TYPE4_DOUBLE_BUSINESS, вагон 07",SAPSAN_TYPE4_DOUBLE_BUSINESS_coach07_v001
SAPSAN_TYPE4_DOUBLE_BUSINESS,8,TYPESAPSAN_TYPE4_DOUBLE_BUSINESS_COACH08,"Поезд SAPSAN_TYPE4_DOUBLE_BUSINESS, вагон 08",SAPSAN_TYPE4_DOUBLE_BUSINESS_coach08_v001
SAPSAN_TYPE4_DOUBLE_BUSINESS,9,TYPESAPSAN_TYPE4_DOUBLE_BUSINESS_COACH09,"Поезд SAPSAN_TYPE4_DOUBLE_BUSINESS, вагон 09",SAPSAN_TYPE4_DOUBLE_BUSINESS_coach09_v001
SAPSAN_TYPE4_DOUBLE_BUSINESS,10,TYPESAPSAN_TYPE4_DOUBLE_BUSINESS_COACH10,"Поезд SAPSAN_TYPE4_DOUBLE_BUSINESS, вагон 10",SAPSAN_TYPE4_DOUBLE_BUSINESS_coach10_v001
