train_type,coach_no,seat_no,service_class,is_window,is_aisle,is_table,is_forward_msk_spb,is_service,is_free_seating,is_small_pet,is_animal,is_mgn
SAPSAN_TYPE2_UPDATED_FAMILY,1,1,1В,1,0,0,1,0,0,0,0,0
SAPSAN_TYPE2_UPDATED_FAMILY,1,2,1В,0,1,0,1,0,0,0,0,0
SAPSAN_TYPE2_UPDATED_FAMILY,1,3,1В,1,0,0,,0,0,0,0,0
SAPSAN_TYPE2_UPDATED_FAMILY,1,5,1В,1,0,0,1,0,0,0,0,0
SAPSAN_TYPE2_UPDATED_FAMILY,1,6,1В,0,1,0,1,0,0,0,0,0
SAPSAN_TYPE2_UPDATED_FAMILY,1,7,1В,1,0,0,,0,0,0,0,0
SAPSAN_TYPE2_UPDATED_FAMILY,1,9,1В,1,0,0,1,0,0,0,0,0
SAPSAN_TYPE2_UPDATED_FAMILY,1,10,1В,0,1,0,1,0,0,0,0,0
SAPSAN_TYPE2_UPDATED_FAMILY,1,11,1В,1,0,0,,0,0,0,0,0
SAPSAN_TYPE2_UPDATED_FAMILY,1,13,1В,1,0,0,0,0,0,0,0,0
SAPSAN_TYPE2_UPDATED_FAMILY,1,14,1В,0,1,0,0,0,0,0,0,0
SAPSAN_TYPE2_UPDATED_FAMILY,1,15,1В,1,0,0,,0,0,0,0,0
SAPSAN_TYPE2_UPDATED_FAMILY,1,17,1В,1,0,0,0,0,0,0,0,0
SAPSAN_TYPE2_UPDATED_FAMILY,1,18,1В,0,1,0,0,0,0,0,0,0
SAPSAN_TYPE2_UPDATED_FAMILY,1,19,1В,1,0,0,,0,0,0,0,0
SAPSAN_TYPE2_UPDATED_FAMILY,1,21,1В,1,0,0,,0,0,0,0,0
SAPSAN_TYPE2_UPDATED_FAMILY,1,23,1В,1,0,0,0,0,0,0,0,0
SAPSAN_TYPE2_UPDATED_FAMILY,1,24,1В,0,1,0,0,0,0,0,0,0
SAPSAN_TYPE2_UPDATED_FAMILY,1,25,1В,1,0,0,,0,0,0,0,0
SAPSAN_TYPE2_UPDATED_FAMILY,1,27,1Р,1,0,0,1,0,0,0,0,0
SAPSAN_TYPE2_UPDATED_FAMILY,1,28,1Р,0,1,0,1,0,0,0,0,0
SAPSAN_TYPE2_UPDATED_FAMILY,1,29,1Р,1,0,0,0,0,0,0,0,0
SAPSAN_TYPE2_UPDATED_FAMILY,1,30,1Р,0,1,0,0,0,0,0,0,0
SAPSAN_TYPE2_UPDATED_FAMILY,2,1,1С,1,0,0,1,0,0,0,0,0
SAPSAN_TYPE2_UPDATED_FAMILY,2,2,1С,0,1,0,1,0,0,0,0,0
SAPSAN_TYPE2_UPDATED_FAMILY,2,3,1С,1,0,0,1,0,0,0,0,0
SAPSAN_TYPE2_UPDATED_FAMILY,2,4,1С,0,1,0,1,0,0,0,0,0
SAPSAN_TYPE2_UPDATED_FAMILY,2,5,1С,1,0,0,1,0,0,0,0,0
SAPSAN_TYPE2_UPDATED_FAMILY,2,6,1С,0,1,0,1,0,0,0,0,0
SAPSAN_TYPE2_UPDATED_FAMILY,2,7,1С,1,0,0,1,0,0,0,0,0
SAPSAN_TYPE2_UPDATED_FAMILY,2,8,1С,0,1,0,1,0,0,0,0,0
SAPSAN_TYPE2_UPDATED_FAMILY,2,9,1С,1,0,0,1,0,0,0,0,0
SAPSAN_TYPE2_UPDATED_FAMILY,2,10,1С,0,1,0,1,0,0,0,0,0
SAPSAN_TYPE2_UPDATED_FAMILY,2,11,1С,1,0,0,1,0,0,0,0,0
SAPSAN_TYPE2_UPDATED_FAMILY,2,12,1С,0,1,0,1,0,0,0,0,0
SAPSAN_TYPE2_UPDATED_FAMILY,2,13,1С,1,0,0,1,0,0,0,0,0
SAPSAN_TYPE2_UPDATED_FAMILY,2,14,1С,0,1,0,1,0,0,0,0,0
SAPSAN_TYPE2_UPDATED_FAMILY,2,15,1С,1,0,0,1,0,0,0,0,0
SAPSAN_TYPE2_UPDATED_FAMILY,2,16,1С,0,1,0,1,0,0,0,0,0
SAPSAN_TYPE2_UPDATED_FAMILY,2,17,1С,1,0,0,1,0,0,0,0,0
SAPSAN_TYPE2_UPDATED_FAMILY,2,18,1С,0,1,0,1,0,0,0,0,0
SAPSAN_TYPE2_UPDATED_FAMILY,2,19,1С,1,0,0,0,0,0,0,0,0
SAPSAN_TYPE2_UPDATED_FAMILY,2,20,1С,0,1,0,0,0,0,0,0,0
SAPSAN_TYPE2_UPDATED_FAMILY,2,21,1С,1,0,1,1,0,0,0,0,0
SAPSAN_TYPE2_UPDATED_FAMILY,2,22,1С,0,1,1,1,0,0,0,0,0
SAPSAN_TYPE2_UPDATED_FAMILY,2,23,1С,1,0,1,0,0,0,0,0,0
SAPSAN_TYPE2_UPDATED_FAMILY,2,24,1С,0,1,1,0,0,0,0,0,0
SAPSAN_TYPE2_UPDATED_FAMILY,2,25,1С,1,0,0,0,0,0,0,0,0
SAPSAN_TYPE2_UPDATED_FAMILY,2,26,1С,0,1,0,0,0,0,0,0,0
SAPSAN_TYPE2_UPDATED_FAMILY,2,27,1С,1,0,0,0,0,0,0,0,0
SAPSAN_TYPE2_UPDATED_FAMILY,2,28,1С,0,1,0,0,0,0,0,0,0
SAPSAN_TYPE2_UPDATED_FAMILY,2,29,1С,1,0,0,0,0,0,0,0,0
SAPSAN_TYPE2_UPDATED_FAMILY,2,30,1С,0,1,0,0,0,0,0,0,0
SAPSAN_TYPE2_UPDATED_FAMILY,2,31,1С,1,0,0,0,0,0,0,0,0
SAPSAN_TYPE2_UPDATED_FAMILY,2,32,1С,0,1,0,0,0,0,0,0,0
SAPSAN_TYPE2_UPDATED_FAMILY,2,33,1С,1,0,0,0,0,0,0,0,0
SAPSAN_TYPE2_UPDATED_FAMILY,2,34,1С,0,1,0,0,0,0,0,0,0
SAPSAN_TYPE2_UPDATED_FAMILY,2,35,1С,1,0,0,0,0,0,0,0,0
SAPSAN_TYPE2_UPDATED_FAMILY,2,36,1С,0,1,0,0,0,0,0,0,0
SAPSAN_TYPE2_UPDATED_FAMILY,2,37,1С,1,0,0,0,0,0,0,0,0
SAPSAN_TYPE2_UPDATED_FAMILY,2,38,1С,0,1,0,0,0,0,0,0,0
SAPSAN_TYPE2_UPDATED_FAMILY,2,39,1С,1,0,0,0,0,0,0,0,0
SAPSAN_TYPE2_UPDATED_FAMILY,2,40,1С,0,1,0,0,0,0,0,0,0
SAPSAN_TYPE2_UPDATED_FAMILY,2,41,1С,1,0,0,0,0,0,0,0,0
SAPSAN_TYPE2_UPDATED_FAMILY,2,42,1С,0,1,0,0,0,0,0,0,0
SAPSAN_TYPE2_UPDATED_FAMILY,2,43,1С,1,0,0,0,0,0,0,0,0
SAPSAN_TYPE2_UPDATED_FAMILY,2,44,1С,0,1,0,0,0,0,0,0,0
SAPSAN_TYPE2_UPDATED_FAMILY,2,45,1Ж,1,0,1,1,0,0,0,0,0
SAPSAN_TYPE2_UPDATED_FAMILY,2,47,1Ж,1,0,1,1,0,0,0,0,0
SAPSAN_TYPE2_UPDATED_FAMILY,2,49,1Ж,1,0,1,0,0,0,0,0,0
SAPSAN_TYPE2_UPDATED_FAMILY,2,51,1Ж,1,0,1,0,0,0,0,0,0
SAPSAN_TYPE2_UPDATED_FAMILY,3,1,2С,1,0,0,1,0,0,1,0,0
SAPSAN_TYPE2_UPDATED_FAMILY,3,2,2С,0,1,0,1,0,0,1,0,0
SAPSAN_TYPE2_UPDATED_FAMILY,3,3,2С,1,0,0,1,0,0,1,0,0
SAPSAN_TYPE2_UPDATED_FAMILY,3,4,2С,0,1,0,1,0,0,1,0,0
SAPSAN_TYPE2_UPDATED_FAMILY,3,5,2С,1,0,0,1,0,0,0,0,0
SAPSAN_TYPE2_UPDATED_FAMILY,3,6,2С,0,1,0,1,0,0,0,0,0
SAPSAN_TYPE2_UPDATED_FAMILY,3,7,2С,1,0,0,1,0,0,0,0,0
SAPSAN_TYPE2_UPDATED_FAMILY,3,8,2С,0,1,0,1,0,0,0,0,0
SAPSAN_TYPE2_UPDATED_FAMILY,3,9,2С,1,0,0,1,0,0,0,0,0
SAPSAN_TYPE2_UPDATED_FAMILY,3,10,2С,0,1,0,1,0,0,0,0,0
SAPSAN_TYPE2_UPDATED_FAMILY,3,11,2С,1,0,0,1,0,0,0,0,0
SAPSAN_TYPE2_UPDATED_FAMILY,3,12,2С,0,1,0,1,0,0,0,0,0
SAPSAN_TYPE2_UPDATED_FAMILY,3,13,2С,1,0,0,1,0,0,0,0,0
SAPSAN_TYPE2_UPDATED_FAMILY,3,14,2С,0,1,0,1,0,0,0,0,0
SAPSAN_TYPE2_UPDATED_FAMILY,3,15,2С,1,0,0,1,0,0,0,0,0
SAPSAN_TYPE2_UPDATED_FAMILY,3,16,2С,0,1,0,1,0,0,0,0,0
SAPSAN_TYPE2_UPDATED_FAMILY,3,17,2С,1,0,1,1,0,0,0,0,0
SAPSAN_TYPE2_UPDATED_FAMILY,3,18,2С,0,1,1,1,0,0,0,0,0
SAPSAN_TYPE2_UPDATED_FAMILY,3,19,2С,1,0,1,0,0,0,0,0,0
SAPSAN_TYPE2_UPDATED_FAMILY,3,20,2С,0,1,1,0,0,0,0,0,0
SAPSAN_TYPE2_UPDATED_FAMILY,3,21,2С,1,0,1,1,0,0,0,0,0
SAPSAN_TYPE2_UPDATED_FAMILY,3,22,2С,0,1,1,1,0,0,0,0,0
SAPSAN_TYPE2_UPDATED_FAMILY,3,23,2С,1,0,1,0,0,0,0,0,0
SAPSAN_TYPE2_UPDATED_FAMILY,3,24,2С,0,1,1,0,0,0,0,0,0
SAPSAN_TYPE2_UPDATED_FAMILY,3,25,2С,1,0,0,0,0,0,0,0,0
SAPSAN_TYPE2_UPDATED_FAMILY,3,26,2С,0,1,0,0,0,0,0,0,0
SAPSAN_TYPE2_UPDATED_FAMILY,3,27,2С,1,0,0,0,0,0,0,0,0
SAPSAN_TYPE2_UPDATED_FAMILY,3,28,2С,0,1,0,0,0,0,0,0,0
SAPSAN_TYPE2_UPDATED_FAMILY,3,29,2С,1,0,0,0,0,0,0,0,0
SAPSAN_TYPE2_UPDATED_FAMILY,3,30,2С,0,1,0,0,0,0,0,0,0
SAPSAN_TYPE2_UPDATED_FAMILY,3,31,2С,1,0,0,0,0,0,0,0,0
SAPSAN_TYPE2_UPDATED_FAMILY,3,32,2С,0,1,0,0,0,0,0,0,0
SAPSAN_TYPE2_UPDATED_FAMILY,3,33,2С,1,0,0,0,0,0,0,0,0
SAPSAN_TYPE2_UPDATED_FAMILY,3,34,2С,0,1,0,0,0,0,0,0,0
SAPSAN_TYPE2_UPDATED_FAMILY,3,35,2С,1,0,0,0,0,0,0,0,0
SAPSAN_TYPE2_UPDATED_FAMILY,3,36,2С,0,1,0,0,0,0,0,0,0
SAPSAN_TYPE2_UPDATED_FAMILY,3,37,2С,1,0,0,0,0,0,0,0,0
SAPSAN_TYPE2_UPDATED_FAMILY,3,38,2С,0,1,0,0,0,0,0,0,0
SAPSAN_TYPE2_UPDATED_FAMILY,3,39,2С,1,0,0,0,0,0,0,0,0
SAPSAN_TYPE2_UPDATED_FAMILY,3,40,2С,0,1,0,0,0,0,0,0,0
SAPSAN_TYPE2_UPDATED_FAMILY,3,41,2С,1,0,0,0,0,0,0,0,0
SAPSAN_TYPE2_UPDATED_FAMILY,3,42,2С,0,1,0,0,0,0,0,0,0
SAPSAN_TYPE2_UPDATED_FAMILY,3,43,2С,1,0,0,0,0,0,0,0,0
SAPSAN_TYPE2_UPDATED_FAMILY,3,44,2С,0,1,0,0,0,0,0,0,0
SAPSAN_TYPE2_UPDATED_FAMILY,3,45,2С,1,0,0,0,0,0,0,0,0
SAPSAN_TYPE2_UPDATED_FAMILY,3,46,2С,0,1,0,0,0,0,0,0,0
SAPSAN_TYPE2_UPDATED_FAMILY,3,47,2С,1,0,0,0,0,0,0,0,0
SAPSAN_TYPE2_UPDATED_FAMILY,3,48,2С,0,1,0,0,0,0,0,0,0
SAPSAN_TYPE2_UPDATED_FAMILY,3,49,2С,1,0,0,1,0,0,0,0,0
SAPSAN_TYPE2_UPDATED_FAMILY,3,50,2С,0,1,0,1,0,0,0,0,0
SAPSAN_TYPE2_UPDATED_FAMILY,3,51,2С,1,0,0,1,0,0,0,0,0
SAPSAN_TYPE2_UPDATED_FAMILY,3,52,2С,0,1,0,1,0,0,0,0,0
SAPSAN_TYPE2_UPDATED_FAMILY,3,53,2С,1,0,0,1,0,0,0,0,0
SAPSAN_TYPE2_UPDATED_FAMILY,3,54,2С,0,1,0,1,0,0,0,0,0
SAPSAN_TYPE2_UPDATED_FAMILY,3,55,2С,1,0,0,1,0,0,0,0,0
SAPSAN_TYPE2_UPDATED_FAMILY,3,56,2С,0,1,0,1,0,0,0,0,0
SAPSAN_TYPE2_UPDATED_FAMILY,3,57,2С,1,0,1,1,0,0,0,0,0
SAPSAN_TYPE2_UPDATED_FAMILY,3,58,2С,0,1,1,1,0,0,0,0,0
SAPSAN_TYPE2_UPDATED_FAMILY,3,59,2С,1,0,1,0,0,0,0,0,0
SAPSAN_TYPE2_UPDATED_FAMILY,3,60,2С,0,1,1,0,0,0,0,0,0
SAPSAN_TYPE2_UPDATED_FAMILY,3,61,2С,1,0,1,0,0,0,0,0,0
SAPSAN_TYPE2_UPDATED_FAMILY,3,62,2С,0,1,1,0,0,0,0,0,0
SAPSAN_TYPE2_UPDATED_FAMILY,3,63,2С,1,0,1,0,0,0,0,0,0
SAPSAN_TYPE2_UPDATED_FAMILY,3,64,2С,0,1,1,0,0,0,0,0,0
SAPSAN_TYPE2_UPDATED_FAMILY,3,65,2С,1,0,0,0,1,0,0,0,0
SAPSAN_TYPE2_UPDATED_FAMILY,3,66,2С,0,1,0,0,1,0,0,0,0
SAPSAN_TYPE2_UPDATED_FAMILY,4,1,2Р,1,0,0,1,0,0,0,0,0
SAPSAN_TYPE2_UPDATED_FAMILY,4,2,2Р,0,1,0,1,0,0,0,0,0
SAPSAN_TYPE2_UPDATED_FAMILY,4,3,2Р,1,0,0,1,0,0,0,0,0
SAPSAN_TYPE2_UPDATED_FAMILY,4,4,2Р,0,1,0,1,0,0,0,0,0
SAPSAN_TYPE2_UPDATED_FAMILY,4,5,2Р,1,0,0,1,0,0,0,0,0
SAPSAN_TYPE2_UPDATED_FAMILY,4,6,2Р,0,1,0,1,0,0,0,0,0
SAPSAN_TYPE2_UPDATED_FAMILY,4,7,2Р,1,0,0,1,0,0,0,0,0
SAPSAN_TYPE2_UPDATED_FAMILY,4,8,2Р,0,1,0,1,0,0,0,0,0
SAPSAN_TYPE2_UPDATED_FAMILY,4,9,2Р,1,0,0,1,0,0,0,0,0
SAPSAN_TYPE2_UPDATED_FAMILY,4,10,2Р,0,1,0,1,0,0,0,0,0
SAPSAN_TYPE2_UPDATED_FAMILY,4,11,2Р,1,0,0,1,0,0,0,0,0
SAPSAN_TYPE2_UPDATED_FAMILY,4,12,2Р,0,1,0,1,0,0,0,0,0
SAPSAN_TYPE2_UPDATED_FAMILY,4,13,2Р,1,0,0,1,0,0,0,0,0
SAPSAN_TYPE2_UPDATED_FAMILY,4,14,2Р,0,1,0,1,0,0,0,0,0
SAPSAN_TYPE2_UPDATED_FAMILY,4,15,2Р,1,0,0,1,0,0,0,0,0
SAPSAN_TYPE2_UPDATED_FAMILY,4,16,2Р,0,1,0,1,0,0,0,0,0
SAPSAN_TYPE2_UPDATED_FAMILY,4,17,2Р,1,0,1,1,0,0,0,0,0
SAPSAN_TYPE2_UPDATED_FAMILY,4,18,2Р,0,1,1,1,0,0,0,0,0
SAPSAN_TYPE2_UPDATED_FAMILY,4,19,2Р,1,0,1,0,0,0,0,0,0
SAPSAN_TYPE2_UPDATED_FAMILY,4,20,2Р,0,1,1,0,0,0,0,0,0
SAPSAN_TYPE2_UPDATED_FAMILY,4,21,2Р,1,0,1,1,0,0,0,0,0
SAPSAN_TYPE2_UPDATED_FAMILY,4,22,2Р,0,1,1,1,0,0,0,0,0
SAPSAN_TYPE2_UPDATED_FAMILY,4,23,2Р,1,0,1,0,0,0,0,0,0
SAPSAN_TYPE2_UPDATED_FAMILY,4,24,2Р,0,1,1,0,0,0,0,0,0
SAPSAN_TYPE2_UPDATED_FAMILY,4,25,2Р,1,0,0,0,0,0,0,0,0
SAPSAN_TYPE2_UPDATED_FAMILY,4,26,2Р,0,1,0,0,0,0,0,0,0
SAPSAN_TYPE2_UPDATED_FAMILY,4,27,2Р,1,0,0,0,0,0,0,0,0
SAPSAN_TYPE2_UPDATED_FAMILY,4,28,2Р,0,1,0,0,0,0,0,0,0
SAPSAN_TYPE2_UPDATED_FAMILY,4,29,2Р,1,0,0,0,0,0,0,0,0
SAPSAN_TYPE2_UPDATED_FAMILY,4,30,2Р,0,1,0,0,0,0,0,0,0
SAPSAN_TYPE2_UPDATED_FAMILY,4,31,2Р,1,0,0,0,0,0,0,0,0
SAPSAN_TYPE2_UPDATED_FAMILY,4,32,2Р,0,1,0,0,0,0,0,0,0
SAPSAN_TYPE2_UPDATED_FAMILY,4,33,2Р,1,0,0,0,0,0,0,0,0
SAPSAN_TYPE2_UPDATED_FAMILY,4,34,2Р,0,1,0,0,0,0,0,0,0
SAPSAN_TYPE2_UPDATED_FAMILY,4,35,2Р,1,0,0,0,0,0,0,0,0
SAPSAN_TYPE2_UPDATED_FAMILY,4,36,2Р,0,1,0,0,0,0,0,0,0
SAPSAN_TYPE2_UPDATED_FAMILY,4,37,2Р,1,0,0,0,0,0,0,0,0
SAPSAN_TYPE2_UPDATED_FAMILY,4,38,2Р,0,1,0,0,0,0,0,0,0
SAPSAN_TYPE2_UPDATED_FAMILY,4,39,2Р,1,0,0,0,0,0,0,0,0
SAPSAN_TYPE2_UPDATED_FAMILY,4,40,2Р,0,1,0,0,0,0,0,0,0
SAPSAN_TYPE2_UPDATED_FAMILY,4,41,2Р,1,0,0,0,0,0,0,0,0
SAPSAN_TYPE2_UPDATED_FAMILY,4,42,2Р,0,1,0,0,0,0,0,0,0
SAPSAN_TYPE2_UPDATED_FAMILY,4,43,2Р,1,0,0,0,0,0,0,0,0
SAPSAN_TYPE2_UPDATED_FAMILY,4,44,2Р,0,1,0,0,0,0,0,0,0
SAPSAN_TYPE2_UPDATED_FAMILY,4,45,2Р,1,0,0,0,0,0,0,0,0
SAPSAN_TYPE2_UPDATED_FAMILY,4,46,2Р,0,1,0,0,0,0,0,0,0
SAPSAN_TYPE2_UPDATED_FAMILY,4,47,2Р,1,0,0,0,0,0,0,0,0
SAPSAN_TYPE2_UPDATED_FAMILY,4,48,2Р,0,1,0,0,0,0,0,0,0
SAPSAN_TYPE2_UPDATED_FAMILY,4,49,2Р,1,0,0,1,0,0,0,0,0
SAPSAN_TYPE2_UPDATED_FAMILY,4,50,2Р,0,1,0,1,0,0,0,0,0
SAPSAN_TYPE2_UPDATED_FAMILY,4,51,2Р,1,0,0,1,0,0,0,0,0
SAPSAN_TYPE2_UPDATED_FAMILY,4,52,2Р,0,1,0,1,0,0,0,0,0
SAPSAN_TYPE2_UPDATED_FAMILY,4,53,2Р,1,0,0,1,0,0,0,0,0
SAPSAN_TYPE2_UPDATED_FAMILY,4,54,2Р,0,1,0,1,0,0,0,0,0
SAPSAN_TYPE2_UPDATED_FAMILY,4,55,2Р,1,0,0,1,0,0,0,0,0
SAPSAN_TYPE2_UPDATED_FAMILY,4,56,2Р,0,1,0,1,0,0,0,0,0
SAPSAN_TYPE2_UPDATED_FAMILY,4,57,2Р,1,0,1,1,0,0,0,0,0
SAPSAN_TYPE2_UPDATED_FAMILY,4,58,2Р,0,1,1,1,0,0,0,0,0
SAPSAN_TYPE2_UPDATED_FAMILY,4,59,2Р,1,0,1,0,0,0,0,0,0
SAPSAN_TYPE2_UPDATED_FAMILY,4,60,2Р,0,1,1,0,0,0,0,0,0
SAPSAN_TYPE2_UPDATED_FAMILY,4,61,2Р,1,0,1,0,0,0,0,0,0
SAPSAN_TYPE2_UPDATED_FAMILY,4,62,2Р,0,1,1,0,0,0,0,0,0
SAPSAN_TYPE2_UPDATED_FAMILY,4,63,2Р,1,0,1,0,0,0,0,0,0
SAPSAN_TYPE2_UPDATED_FAMILY,4,64,2Р,0,1,1,0,0,0,0,0,0
SAPSAN_TYPE2_UPDATED_FAMILY,4,65,2Р,1,0,0,0,0,0,0,0,0
SAPSAN_TYPE2_UPDATED_FAMILY,4,66,2Р,0,1,0,0,0,0,0,0,0
SAPSAN_TYPE2_UPDATED_FAMILY,5,1,2Е,1,0,0,0,0,0,0,0,0
SAPSAN_TYPE2_UPDATED_FAMILY,5,2,2Е,0,1,0,0,0,0,0,0,0
SAPSAN_TYPE2_UPDATED_FAMILY,5,3,2Е,1,0,0,1,0,0,0,0,0
SAPSAN_TYPE2_UPDATED_FAMILY,5,4,2Е,0,1,0,1,0,0,0,0,0
SAPSAN_TYPE2_UPDATED_FAMILY,5,5,2Е,1,0,0,0,0,0,0,0,0
SAPSAN_TYPE2_UPDATED_FAMILY,5,6,2Е,0,1,0,0,0,0,0,0,0
SAPSAN_TYPE2_UPDATED_FAMILY,5,7,2Е,1,0,0,1,0,0,0,0,0
SAPSAN_TYPE2_UPDATED_FAMILY,5,8,2Е,0,1,0,1,0,0,0,0,0
SAPSAN_TYPE2_UPDATED_FAMILY,5,9,2Е,1,0,0,0,0,0,0,0,0
SAPSAN_TYPE2_UPDATED_FAMILY,5,10,2Е,0,1,0,0,0,0,0,0,0
SAPSAN_TYPE2_UPDATED_FAMILY,5,11,2Е,1,0,0,1,0,0,0,0,0
SAPSAN_TYPE2_UPDATED_FAMILY,5,12,2Е,0,1,0,1,0,0,0,0,0
SAPSAN_TYPE2_UPDATED_FAMILY,5,13,2Е,1,0,0,0,0,0,0,0,0
SAPSAN_TYPE2_UPDATED_FAMILY,5,14,2Е,0,1,0,0,0,0,0,0,0
SAPSAN_TYPE2_UPDATED_FAMILY,5,15,2Е,1,0,0,0,0,0,0,0,0
SAPSAN_TYPE2_UPDATED_FAMILY,5,16,2Е,0,1,0,1,0,0,0,0,0
SAPSAN_TYPE2_UPDATED_FAMILY,5,17,2Е,1,0,0,,0,1,0,0,0
SAPSAN_TYPE2_UPDATED_FAMILY,5,18,2Е,0,1,0,,0,1,0,0,0
SAPSAN_TYPE2_UPDATED_FAMILY,5,19,2Е,1,0,0,,0,1,0,0,0
SAPSAN_TYPE2_UPDATED_FAMILY,5,20,2Е,0,1,0,,0,1,0,0,0
SAPSAN_TYPE2_UPDATED_FAMILY,5,21,2Е,1,0,0,,0,1,0,0,0
SAPSAN_TYPE2_UPDATED_FAMILY,5,22,2Е,0,1,0,,0,1,0,0,0
SAPSAN_TYPE2_UPDATED_FAMILY,5,23,2Е,1,0,0,,0,1,0,0,0
SAPSAN_TYPE2_UPDATED_FAMILY,5,24,2Е,0,1,0,,0,1,0,0,0
SAPSAN_TYPE2_UPDATED_FAMILY,5,25,2Е,1,0,0,,0,1,0,0,0
SAPSAN_TYPE2_UPDATED_FAMILY,5,26,2Е,0,1,0,,0,1,0,0,0
SAPSAN_TYPE2_UPDATED_FAMILY,5,27,2Е,1,0,0,,0,1,0,0,0
SAPSAN_TYPE2_UPDATED_FAMILY,5,28,2Е,0,1,0,,0,1,0,0,0
SAPSAN_TYPE2_UPDATED_FAMILY,5,29,2Е,1,0,0,,0,1,0,0,0
SAPSAN_TYPE2_UPDATED_FAMILY,5,30,2Е,0,1,0,,0,1,0,0,0
SAPSAN_TYPE2_UPDATED_FAMILY,5,31,2Е,1,0,0,,0,1,0,0,0
SAPSAN_TYPE2_UPDATED_FAMILY,5,32,2Е,0,1,0,,0,1,0,0,0
SAPSAN_TYPE2_UPDATED_FAMILY,5,33,2Е,1,0,0,,0,1,0,0,0
SAPSAN_TYPE2_UPDATED_FAMILY,5,34,2Е,0,1,0,,0,1,0,0,0
SAPSAN_TYPE2_UPDATED_FAMILY,5,35,2Е,1,0,0,,0,1,0,0,0
SAPSAN_TYPE2_UPDATED_FAMILY,5,36,2Е,0,1,0,,0,1,0,0,0
SAPSAN_TYPE2_UPDATED_FAMILY,5,37,2Е,1,0,0,,0,1,0,0,0
SAPSAN_TYPE2_UPDATED_FAMILY,5,38,2Е,0,1,0,,0,1,0,0,0
SAPSAN_TYPE2_UPDATED_FAMILY,5,39,2Е,1,0,0,,0,1,0,0,0
SAPSAN_TYPE2_UPDATED_FAMILY,5,40,2Е,0,1,0,,0,1,0,0,0
SAPSAN_TYPE2_UPDATED_FAMILY,6,1,2С,1,0,0,1,0,0,1,0,0
SAPSAN_TYPE2_UPDATED_FAMILY,6,2,2С,0,1,0,1,0,0,1,0,0
SAPSAN_TYPE2_UPDATED_FAMILY,6,3,2С,1,0,0,1,0,0,1,0,0
SAPSAN_TYPE2_UPDATED_FAMILY,6,4,2С,0,1,0,1,0,0,1,0,0
SAPSAN_TYPE2_UPDATED_FAMILY,6,5,2С,1,0,0,1,0,0,0,0,0
SAPSAN_TYPE2_UPDATED_FAMILY,6,6,2С,0,1,0,1,0,0,0,0,0
SAPSAN_TYPE2_UPDATED_FAMILY,6,7,2С,1,0,0,1,0,0,0,0,0
SAPSAN_TYPE2_UPDATED_FAMILY,6,8,2С,0,1,0,1,0,0,0,0,0
SAPSAN_TYPE2_UPDATED_FAMILY,6,9,2С,1,0,0,1,0,0,0,0,0
SAPSAN_TYPE2_UPDATED_FAMILY,6,10,2С,0,1,0,1,0,0,0,0,0
SAPSAN_TYPE2_UPDATED_FAMILY,6,11,2С,1,0,0,1,0,0,0,0,0
SAPSAN_TYPE2_UPDATED_FAMILY,6,12,2С,0,1,0,1,0,0,0,0,0
SAPSAN_TYPE2_UPDATED_FAMILY,6,13,2С,1,0,0,1,0,0,0,0,0
SAPSAN_TYPE2_UPDATED_FAMILY,6,14,2С,0,1,0,1,0,0,0,0,0
SAPSAN_TYPE2_UPDATED_FAMILY,6,15,2С,1,0,0,1,0,0,0,0,0
SAPSAN_TYPE2_UPDATED_FAMILY,6,16,2С,0,1,0,1,0,0,0,0,0
SAPSAN_TYPE2_UPDATED_FAMILY,6,17,2С,1,0,1,1,0,0,0,0,0
SAPSAN_TYPE2_UPDATED_FAMILY,6,18,2С,0,1,1,0,0,0,0,0,0
SAPSAN_TYPE2_UPDATED_FAMILY,6,19,2С,1,0,1,0,0,0,0,0,0
SAPSAN_TYPE2_UPDATED_FAMILY,6,20,2С,0,1,1,0,0,0,0,0,0
SAPSAN_TYPE2_UPDATED_FAMILY,6,21,2С,1,0,1,1,0,0,0,0,0
SAPSAN_TYPE2_UPDATED_FAMILY,6,22,2С,0,1,1,1,0,0,0,0,0
SAPSAN_TYPE2_UPDATED_FAMILY,6,23,2С,1,0,1,0,0,0,0,0,0
SAPSAN_TYPE2_UPDATED_FAMILY,6,24,2С,0,1,1,0,0,0,0,0,0
SAPSAN_TYPE2_UPDATED_FAMILY,6,25,2С,1,0,0,0,0,0,0,0,0
SAPSAN_TYPE2_UPDATED_FAMILY,6,26,2С,0,1,0,0,0,0,0,0,0
SAPSAN_TYPE2_UPDATED_FAMILY,6,27,2С,1,0,0,0,0,0,0,0,0
SAPSAN_TYPE2_UPDATED_FAMILY,6,28,2С,0,1,0,0,0,0,0,0,0
SAPSAN_TYPE2_UPDATED_FAMILY,6,29,2С,1,0,0,0,0,0,0,0,0
SAPSAN_TYPE2_UPDATED_FAMILY,6,30,2С,0,1,0,0,0,0,0,0,0
SAPSAN_TYPE2_UPDATED_FAMILY,6,31,2С,1,0,0,0,0,0,0,0,0
SAPSAN_TYPE2_UPDATED_FAMILY,6,32,2С,0,1,0,0,0,0,0,0,0
SAPSAN_TYPE2_UPDATED_FAMILY,6,33,2С,1,0,0,0,0,0,0,0,0
SAPSAN_TYPE2_UPDATED_FAMILY,6,34,2С,0,1,0,0,0,0,0,0,0
SAPSAN_TYPE2_UPDATED_FAMILY,6,35,2С,1,0,0,0,0,0,0,0,0
SAPSAN_TYPE2_UPDATED_FAMILY,6,36,2С,0,1,0,0,0,0,0,0,0
SAPSAN_TYPE2_UPDATED_FAMILY,6,37,2С,1,0,0,1,0,0,0,0,0
SAPSAN_TYPE2_UPDATED_FAMILY,6,38,2С,0,1,0,1,0,0,0,0,0
SAPSAN_TYPE2_UPDATED_FAMILY,6,39,2С,1,0,0,1,0,0,0,0,0
SAPSAN_TYPE2_UPDATED_FAMILY,6,40,2С,0,1,0,1,0,0,0,0,0
SAPSAN_TYPE2_UPDATED_FAMILY,6,41,2С,1,0,0,1,0,0,0,0,0
SAPSAN_TYPE2_UPDATED_FAMILY,6,42,2С,0,1,0,1,0,0,0,0,0
SAPSAN_TYPE2_UPDATED_FAMILY,6,43,2С,1,0,0,1,0,0,0,0,0
SAPSAN_TYPE2_UPDATED_FAMILY,6,44,2С,0,1,0,1,0,0,0,0,0
SAPSAN_TYPE2_UPDATED_FAMILY,6,45,2С,1,0,0,1,0,0,0,0,0
SAPSAN_TYPE2_UPDATED_FAMILY,6,46,2С,0,1,0,1,0,0,0,0,0
SAPSAN_TYPE2_UPDATED_FAMILY,6,47,2С,1,0,0,1,0,0,0,0,0
SAPSAN_TYPE2_UPDATED_FAMILY,6,48,2С,0,1,0,1,0,0,0,0,0
SAPSAN_TYPE2_UPDATED_FAMILY,6,49,2С,1,0,0,1,0,0,0,0,0
SAPSAN_TYPE2_UPDATED_FAMILY,6,50,2С,0,1,0,1,0,0,0,0,0
SAPSAN_TYPE2_UPDATED_FAMILY,6,51,2С,1,0,0,1,0,0,0,0,0
SAPSAN_TYPE2_UPDATED_FAMILY,6,52,2С,0,1,0,1,0,0,0,0,0
SAPSAN_TYPE2_UPDATED_FAMILY,6,53,2С,1,0,0,1,1,0,0,0,0
SAPSAN_TYPE2_UPDATED_FAMILY,6,54,2С,0,1,0,1,1,0,0,0,0
SAPSAN_TYPE2_UPDATED_FAMILY,6,55,2С,1,0,0,1,0,0,0,0,1
SAPSAN_TYPE2_UPDATED_FAMILY,6,56,2С,0,1,0,1,0,0,0,0,1
SAPSAN_TYPE2_UPDATED_FAMILY,7,1,2С,1,0,0,0,0,0,1,0,0
SAPSAN_TYPE2_UPDATED_FAMILY,7,2,2С,0,1,0,0,0,0,1,0,0
SAPSAN_TYPE2_UPDATED_FAMILY,7,3,2С,1,0,0,0,0,0,1,0,0
SAPSAN_TYPE2_UPDATED_FAMILY,7,4,2С,0,1,0,0,0,0,1,0,0
SAPSAN_TYPE2_UPDATED_FAMILY,7,5,2С,1,0,0,0,0,0,0,0,0
SAPSAN_TYPE2_UPDATED_FAMILY,7,6,2С,0,1,0,0,0,0,0,0,0
SAPSAN_TYPE2_UPDATED_FAMILY,7,7,2С,1,0,0,0,0,0,0,0,0
SAPSAN_TYPE2_UPDATED_FAMILY,7,8,2С,0,1,0,0,0,0,0,0,0
SAPSAN_TYPE2_UPDATED_FAMILY,7,9,2С,1,0,0,0,0,0,0,0,0
SAPSAN_TYPE2_UPDATED_FAMILY,7,10,2С,0,1,0,0,0,0,0,0,0
SAPSAN_TYPE2_UPDATED_FAMILY,7,11,2С,1,0,0,0,0,0,0,0,0
SAPSAN_TYPE2_UPDATED_FAMILY,7,12,2С,0,1,0,0,0,0,0,0,0
SAPSAN_TYPE2_UPDATED_FAMILY,7,13,2С,1,0,0,0,0,0,0,0,0
SAPSAN_TYPE2_UPDATED_FAMILY,7,14,2С,0,1,0,0,0,0,0,0,0
SAPSAN_TYPE2_UPDATED_FAMILY,7,15,2С,1,0,0,0,0,0,0,0,0
SAPSAN_TYPE2_UPDATED_FAMILY,7,16,2С,0,1,0,0,0,0,0,0,0
SAPSAN_TYPE2_UPDATED_FAMILY,7,17,2С,1,0,1,0,0,0,0,0,0
SAPSAN_TYPE2_UPDATED_FAMILY,7,18,2С,0,1,1,0,0,0,0,0,0
SAPSAN_TYPE2_UPDATED_FAMILY,7,19,2С,1,0,1,1,0,0,0,0,0
SAPSAN_TYPE2_UPDATED_FAMILY,7,20,2С,0,1,1,1,0,0,0,0,0
SAPSAN_TYPE2_UPDATED_FAMILY,7,21,2С,1,0,1,1,0,0,0,0,0
SAPSAN_TYPE2_UPDATED_FAMILY,7,22,2С,0,1,1,1,0,0,0,0,0
SAPSAN_TYPE2_UPDATED_FAMILY,7,23,2С,1,0,1,1,0,0,0,0,0
SAPSAN_TYPE2_UPDATED_FAMILY,7,24,2С,0,1,1,1,0,0,0,0,0
SAPSAN_TYPE2_UPDATED_FAMILY,7,25,2С,1,0,0,1,0,0,0,0,0
SAPSAN_TYPE2_UPDATED_FAMILY,7,26,2С,0,1,0,1,0,0,0,0,0
SAPSAN_TYPE2_UPDATED_FAMILY,7,27,2С,1,0,0,1,0,0,0,0,0
SAPSAN_TYPE2_UPDATED_FAMILY,7,28,2С,0,1,0,1,0,0,0,0,0
SAPSAN_TYPE2_UPDATED_FAMILY,7,29,2С,1,0,0,1,0,0,0,0,0
SAPSAN_TYPE2_UPDATED_FAMILY,7,30,2С,0,1,0,1,0,0,0,0,0
SAPSAN_TYPE2_UPDATED_FAMILY,7,31,2С,1,0,0,1,0,0,0,0,0
SAPSAN_TYPE2_UPDATED_FAMILY,7,32,2С,0,1,0,1,0,0,0,0,0
SAPSAN_TYPE2_UPDATED_FAMILY,7,33,2С,1,0,0,1,0,0,0,0,0
SAPSAN_TYPE2_UPDATED_FAMILY,7,34,2С,0,1,0,1,0,0,0,0,0
SAPSAN_TYPE2_UPDATED_FAMILY,7,35,2С,1,0,0,1,0,0,0,0,0
SAPSAN_TYPE2_UPDATED_FAMILY,7,36,2С,0,1,0,1,0,0,0,0,0
SAPSAN_TYPE2_UPDATED_FAMILY,7,37,2С,1,0,0,1,0,0,0,0,0
SAPSAN_TYPE2_UPDATED_FAMILY,7,38,2С,0,1,0,1,0,0,0,0,0
SAPSAN_TYPE2_UPDATED_FAMILY,7,39,2С,1,0,0,1,0,0,0,0,0
SAPSAN_TYPE2_UPDATED_FAMILY,7,40,2С,0,1,0,1,0,0,0,0,0
SAPSAN_TYPE2_UPDATED_FAMILY,7,41,2С,1,0,0,1,0,0,0,0,0
SAPSAN_TYPE2_UPDATED_FAMILY,7,42,2С,0,1,0,1,0,0,0,0,0
SAPSAN_TYPE2_UPDATED_FAMILY,7,43,2С,1,0,0,1,0,0,0,0,0
SAPSAN_TYPE2_UPDATED_FAMILY,7,44,2С,0,1,0,1,0,0,0,0,0
SAPSAN_TYPE2_UPDATED_FAMILY,7,45,2С,1,0,0,1,0,0,0,0,0
SAPSAN_TYPE2_UPDATED_FAMILY,7,46,2С,0,1,0,1,0,0,0,0,0
SAPSAN_TYPE2_UPDATED_FAMILY,7,47,2С,1,0,0,1,0,0,0,0,0
SAPSAN_TYPE2_UPDATED_FAMILY,7,48,2С,0,1,0,1,0,0,0,0,0
SAPSAN_TYPE2_UPDATED_FAMILY,7,49,2С,1,0,0,0,0,0,0,0,0
SAPSAN_TYPE2_UPDATED_FAMILY,7,50,2С,0,1,0,0,0,0,0,0,0
SAPSAN_TYPE2_UPDATED_FAMILY,7,51,2С,1,0,0,0,0,0,0,0,0
SAPSAN_TYPE2_UPDATED_FAMILY,7,52,2С,0,1,0,0,0,0,0,0,0
SAPSAN_TYPE2_UPDATED_FAMILY,7,53,2С,1,0,0,0,0,0,0,0,0
SAPSAN_TYPE2_UPDATED_FAMILY,7,54,2С,0,1,0,0,0,0,0,0,0
SAPSAN_TYPE2_UPDATED_FAMILY,7,55,2С,1,0,0,0,0,0,0,0,0
SAPSAN_TYPE2_UPDATED_FAMILY,7,56,2С,0,1,0,0,0,0,0,0,0
SAPSAN_TYPE2_UPDATED_FAMILY,7,57,2С,1,0,1,0,0,0,0,0,0
SAPSAN_TYPE2_UPDATED_FAMILY,7,58,2С,0,1,1,0,0,0,0,0,0
SAPSAN_TYPE2_UPDATED_FAMILY,7,59,2С,1,0,1,1,0,0,0,0,0
SAPSAN_TYPE2_UPDATED_FAMILY,7,60,2С,0,1,1,1,0,0,0,0,0
SAPSAN_TYPE2_UPDATED_FAMILY,7,61,2С,1,0,1,0,0,0,0,0,0
SAPSAN_TYPE2_UPDATED_FAMILY,7,62,2С,0,1,1,0,0,0,0,0,0
SAPSAN_TYPE2_UPDATED_FAMILY,7,63,2С,1,0,1,1,0,0,0,0,0
SAPSAN_TYPE2_UPDATED_FAMILY,7,64,2С,0,1,1,1,0,0,0,0,0
SAPSAN_TYPE2_UPDATED_FAMILY,7,65,2С,1,0,0,1,1,0,0,0,0
SAPSAN_TYPE2_UPDATED_FAMILY,7,66,2С,0,1,0,1,1,0,0,0,0
SAPSAN_TYPE2_UPDATED_FAMILY,8,1,2С,1,0,0,0,0,0,0,1,0
SAPSAN_TYPE2_UPDATED_FAMILY,8,2,2С,0,1,0,0,0,0,0,1,0
SAPSAN_TYPE2_UPDATED_FAMILY,8,3,2С,1,0,0,0,0,0,0,1,0
SAPSAN_TYPE2_UPDATED_FAMILY,8,4,2С,0,1,0,0,0,0,0,1,0
SAPSAN_TYPE2_UPDATED_FAMILY,8,5,2С,1,0,0,0,0,0,0,0,0
SAPSAN_TYPE2_UPDATED_FAMILY,8,6,2С,0,1,0,0,0,0,0,0,0
SAPSAN_TYPE2_UPDATED_FAMILY,8,7,2С,1,0,0,0,0,0,0,0,0
SAPSAN_TYPE2_UPDATED_FAMILY,8,8,2С,0,1,0,0,0,0,0,0,0
SAPSAN_TYPE2_UPDATED_FAMILY,8,9,2С,1,0,0,0,0,0,0,0,0
SAPSAN_TYPE2_UPDATED_FAMILY,8,10,2С,0,1,0,0,0,0,0,0,0
SAPSAN_TYPE2_UPDATED_FAMILY,8,11,2С,1,0,0,0,0,0,0,0,0
SAPSAN_TYPE2_UPDATED_FAMILY,8,12,2С,0,1,0,0,0,0,0,0,0
SAPSAN_TYPE2_UPDATED_FAMILY,8,13,2С,1,0,0,0,0,0,0,0,0
SAPSAN_TYPE2_UPDATED_FAMILY,8,14,2С,0,1,0,0,0,0,0,0,0
SAPSAN_TYPE2_UPDATED_FAMILY,8,15,2С,1,0,0,0,0,0,0,0,0
SAPSAN_TYPE2_UPDATED_FAMILY,8,16,2С,0,1,0,0,0,0,0,0,0
SAPSAN_TYPE2_UPDATED_FAMILY,8,17,2С,1,0,1,0,0,0,0,0,0
SAPSAN_TYPE2_UPDATED_FAMILY,8,18,2С,0,1,1,0,0,0,0,0,0
SAPSAN_TYPE2_UPDATED_FAMILY,8,19,2С,1,0,1,1,0,0,0,0,0
SAPSAN_TYPE2_UPDATED_FAMILY,8,20,2С,0,1,1,1,0,0,0,0,0
SAPSAN_TYPE2_UPDATED_FAMILY,8,21,2С,1,0,1,1,0,0,0,0,0
SAPSAN_TYPE2_UPDATED_FAMILY,8,22,2С,0,1,1,1,0,0,0,0,0
SAPSAN_TYPE2_UPDATED_FAMILY,8,23,2С,1,0,1,1,0,0,0,0,0
SAPSAN_TYPE2_UPDATED_FAMILY,8,24,2С,0,1,1,1,0,0,0,0,0
SAPSAN_TYPE2_UPDATED_FAMILY,8,25,2С,1,0,0,1,0,0,0,0,0
SAPSAN_TYPE2_UPDATED_FAMILY,8,26,2С,0,1,0,1,0,0,0,0,0
SAPSAN_TYPE2_UPDATED_FAMILY,8,27,2С,1,0,0,1,0,0,0,0,0
SAPSAN_TYPE2_UPDATED_FAMILY,8,28,2С,0,1,0,1,0,0,0,0,0
SAPSAN_TYPE2_UPDATED_FAMILY,8,29,2С,1,0,0,1,0,0,0,0,0
SAPSAN_TYPE2_UPDATED_FAMILY,8,30,2С,0,1,0,1,0,0,0,0,0
SAPSAN_TYPE2_UPDATED_FAMILY,8,31,2С,1,0,0,1,0,0,0,0,0
SAPSAN_TYPE2_UPDATED_FAMILY,8,32,2С,0,1,0,1,0,0,0,0,0
SAPSAN_TYPE2_UPDATED_FAMILY,8,33,2С,1,0,0,1,0,0,0,0,0
SAPSAN_TYPE2_UPDATED_FAMILY,8,34,2С,0,1,0,1,0,0,0,0,0
SAPSAN_TYPE2_UPDATED_FAMILY,8,35,2С,1,0,0,1,0,0,0,0,0
SAPSAN_TYPE2_UPDATED_FAMILY,8,36,2С,0,1,0,1,0,0,0,0,0
SAPSAN_TYPE2_UPDATED_FAMILY,8,37,2С,1,0,0,1,0,0,0,0,0
SAPSAN_TYPE2_UPDATED_FAMILY,8,38,2С,0,1,0,1,0,0,0,0,0
SAPSAN_TYPE2_UPDATED_FAMILY,8,39,2С,1,0,0,1,0,0,0,0,0
SAPSAN_TYPE2_UPDATED_FAMILY,8,40,2С,0,1,0,1,0,0,0,0,0
SAPSAN_TYPE2_UPDATED_FAMILY,8,41,2С,1,0,0,1,0,0,0,0,0
SAPSAN_TYPE2_UPDATED_FAMILY,8,42,2С,0,1,0,1,0,0,0,0,0
SAPSAN_TYPE2_UPDATED_FAMILY,8,43,2С,1,0,0,1,0,0,0,0,0
SAPSAN_TYPE2_UPDATED_FAMILY,8,44,2С,0,1,0,1,0,0,0,0,0
SAPSAN_TYPE2_UPDATED_FAMILY,8,45,2С,1,0,0,1,0,0,0,0,0
SAPSAN_TYPE2_UPDATED_FAMILY,8,46,2С,0,1,0,1,0,0,0,0,0
SAPSAN_TYPE2_UPDATED_FAMILY,8,47,2С,1,0,0,1,0,0,0,0,0
SAPSAN_TYPE2_UPDATED_FAMILY,8,48,2С,0,1,0,1,0,0,0,0,0
SAPSAN_TYPE2_UPDATED_FAMILY,8,49,2С,1,0,0,0,0,0,0,0,0
SAPSAN_TYPE2_UPDATED_FAMILY,8,50,2С,0,1,0,0,0,0,0,0,0
SAPSAN_TYPE2_UPDATED_FAMILY,8,51,2С,1,0,0,0,0,0,0,0,0
SAPSAN_TYPE2_UPDATED_FAMILY,8,52,2С,0,1,0,0,0,0,0,0,0
SAPSAN_TYPE2_UPDATED_FAMILY,8,53,2С,1,0,0,0,0,0,0,0,0
SAPSAN_TYPE2_UPDATED_FAMILY,8,54,2С,0,1,0,0,0,0,0,0,0
SAPSAN_TYPE2_UPDATED_FAMILY,8,55,2С,1,0,0,0,0,0,0,0,0
SAPSAN_TYPE2_UPDATED_FAMILY,8,56,2С,0,1,0,0,0,0,0,0,0
SAPSAN_TYPE2_UPDATED_FAMILY,8,57,2С,1,0,1,0,0,0,0,0,0
SAPSAN_TYPE2_UPDATED_FAMILY,8,58,2С,0,1,1,0,0,0,0,0,0
SAPSAN_TYPE2_UPDATED_FAMILY,8,59,2С,1,0,1,1,0,0,0,0,0
SAPSAN_TYPE2_UPDATED_FAMILY,8,60,2С,0,1,1,1,0,0,0,0,0
SAPSAN_TYPE2_UPDATED_FAMILY,8,61,2С,1,0,1,0,0,0,0,0,0
SAPSAN_TYPE2_UPDATED_FAMILY,8,62,2С,0,1,1,0,0,0,0,0,0
SAPSAN_TYPE2_UPDATED_FAMILY,8,63,2С,1,0,1,1,0,0,0,0,0
SAPSAN_TYPE2_UPDATED_FAMILY,8,64,2С,0,1,1,1,0,0,0,0,0
SAPSAN_TYPE2_UPDATED_FAMILY,8,65,2С,1,0,0,1,0,0,0,1,0
SAPSAN_TYPE2_UPDATED_FAMILY,8,66,2С,0,1,0,1,0,0,0,1,0
SAPSAN_TYPE2_UPDATED_FAMILY,9,1,2С,1,0,0,0,0,0,1,0,0
SAPSAN_TYPE2_UPDATED_FAMILY,9,2,2С,0,1,0,0,0,0,1,0,0
SAPSAN_TYPE2_UPDATED_FAMILY,9,3,2С,1,0,0,0,0,0,1,0,0
SAPSAN_TYPE2_UPDATED_FAMILY,9,4,2С,0,1,0,0,0,0,1,0,0
SAPSAN_TYPE2_UPDATED_FAMILY,9,5,2С,1,0,0,0,0,0,0,0,0
SAPSAN_TYPE2_UPDATED_FAMILY,9,6,2С,0,1,0,0,0,0,0,0,0
SAPSAN_TYPE2_UPDATED_FAMILY,9,7,2С,1,0,0,0,0,0,0,0,0
SAPSAN_TYPE2_UPDATED_FAMILY,9,8,2С,0,1,0,0,0,0,0,0,0
SAPSAN_TYPE2_UPDATED_FAMILY,9,9,2С,1,0,0,0,0,0,0,0,0
SAPSAN_TYPE2_UPDATED_FAMILY,9,10,2С,0,1,0,0,0,0,0,0,0
SAPSAN_TYPE2_UPDATED_FAMILY,9,11,2С,1,0,0,0,0,0,0,0,0
SAPSAN_TYPE2_UPDATED_FAMILY,9,12,2С,0,1,0,0,0,0,0,0,0
SAPSAN_TYPE2_UPDATED_FAMILY,9,13,2С,1,0,0,0,0,0,0,0,0
SAPSAN_TYPE2_UPDATED_FAMILY,9,14,2С,0,1,0,0,0,0,0,0,0
SAPSAN_TYPE2_UPDATED_FAMILY,9,15,2С,1,0,0,0,0,0,0,0,0
SAPSAN_TYPE2_UPDATED_FAMILY,9,16,2С,0,1,0,0,0,0,0,0,0
SAPSAN_TYPE2_UPDATED_FAMILY,9,17,2С,1,0,1,0,0,0,0,0,0
SAPSAN_TYPE2_UPDATED_FAMILY,9,18,2С,0,1,1,0,0,0,0,0,0
SAPSAN_TYPE2_UPDATED_FAMILY,9,19,2С,1,0,1,1,0,0,0,0,0
SAPSAN_TYPE2_UPDATED_FAMILY,9,20,2С,0,1,1,1,0,0,0,0,0
SAPSAN_TYPE2_UPDATED_FAMILY,9,21,2С,1,0,1,1,0,0,0,0,0
SAPSAN_TYPE2_UPDATED_FAMILY,9,22,2С,0,1,1,1,0,0,0,0,0
SAPSAN_TYPE2_UPDATED_FAMILY,9,23,2С,1,0,1,1,0,0,0,0,0
SAPSAN_TYPE2_UPDATED_FAMILY,9,24,2С,0,1,1,1,0,0,0,0,0
SAPSAN_TYPE2_UPDATED_FAMILY,9,25,2С,1,0,0,1,0,0,0,0,0
SAPSAN_TYPE2_UPDATED_FAMILY,9,26,2С,0,1,0,1,0,0,0,0,0
SAPSAN_TYPE2_UPDATED_FAMILY,9,27,2С,1,0,0,1,0,0,0,0,0
SAPSAN_TYPE2_UPDATED_FAMILY,9,28,2С,0,1,0,1,0,0,0,0,0
SAPSAN_TYPE2_UPDATED_FAMILY,9,29,2С,1,0,0,1,0,0,0,0,0
SAPSAN_TYPE2_UPDATED_FAMILY,9,30,2С,0,1,0,1,0,0,0,0,0
SAPSAN_TYPE2_UPDATED_FAMILY,9,31,2С,1,0,0,1,0,0,0,0,0
SAPSAN_TYPE2_UPDATED_FAMILY,9,32,2С,0,1,0,1,0,0,0,0,0
SAPSAN_TYPE2_UPDATED_FAMILY,9,33,2С,1,0,0,1,0,0,0,0,0
SAPSAN_TYPE2_UPDATED_FAMILY,9,34,2С,0,1,0,1,0,0,0,0,0
SAPSAN_TYPE2_UPDATED_FAMILY,9,35,2С,1,0,0,1,0,0,0,0,0
SAPSAN_TYPE2_UPDATED_FAMILY,9,36,2С,0,1,0,1,0,0,0,0,0
SAPSAN_TYPE2_UPDATED_FAMILY,9,37,2С,1,0,0,1,0,0,0,0,0
SAPSAN_TYPE2_UPDATED_FAMILY,9,38,2С,0,1,0,1,0,0,0,0,0
SAPSAN_TYPE2_UPDATED_FAMILY,9,39,2С,1,0,0,1,0,0,0,0,0
SAPSAN_TYPE2_UPDATED_FAMILY,9,40,2С,0,1,0,1,0,0,0,0,0
SAPSAN_TYPE2_UPDATED_FAMILY,9,41,2С,1,0,0,1,0,0,0,0,0
SAPSAN_TYPE2_UPDATED_FAMILY,9,42,2С,0,1,0,1,0,0,0,0,0
SAPSAN_TYPE2_UPDATED_FAMILY,9,43,2С,1,0,0,1,0,0,0,0,0
SAPSAN_TYPE2_UPDATED_FAMILY,9,44,2С,0,1,0,1,0,0,0,0,0
SAPSAN_TYPE2_UPDATED_FAMILY,9,45,2С,1,0,0,1,0,0,0,0,0
SAPSAN_TYPE2_UPDATED_FAMILY,9,46,2С,0,1,0,1,0,0,0,0,0
SAPSAN_TYPE2_UPDATED_FAMILY,9,47,2С,1,0,0,1,0,0,0,0,0
SAPSAN_TYPE2_UPDATED_FAMILY,9,48,2С,0,1,0,1,0,0,0,0,0
SAPSAN_TYPE2_UPDATED_FAMILY,9,49,2С,1,0,0,0,0,0,0,0,0
SAPSAN_TYPE2_UPDATED_FAMILY,9,50,2С,0,1,0,0,0,0,0,0,0
SAPSAN_TYPE2_UPDATED_FAMILY,9,51,2С,1,0,0,0,0,0,0,0,0
SAPSAN_TYPE2_UPDATED_FAMILY,9,52,2С,0,1,0,0,0,0,0,0,0
SAPSAN_TYPE2_UPDATED_FAMILY,9,53,2С,1,0,0,0,0,0,0,0,0
SAPSAN_TYPE2_UPDATED_FAMILY,9,54,2С,0,1,0,0,0,0,0,0,0
SAPSAN_TYPE2_UPDATED_FAMILY,9,55,2С,1,0,0,0,0,0,0,0,0
SAPSAN_TYPE2_UPDATED_FAMILY,9,56,2С,0,1,0,0,0,0,0,0,0
SAPSAN_TYPE2_UPDATED_FAMILY,9,57,2С,1,0,1,0,0,0,0,0,0
SAPSAN_TYPE2_UPDATED_FAMILY,9,58,2С,0,1,1,0,0,0,0,0,0
SAPSAN_TYPE2_UPDATED_FAMILY,9,59,2С,1,0,1,1,0,0,0,0,0
SAPSAN_TYPE2_UPDATED_FAMILY,9,60,2С,0,1,1,1,0,0,0,0,0
SAPSAN_TYPE2_UPDATED_FAMILY,9,61,2С,1,0,1,0,0,0,0,0,0
SAPSAN_TYPE2_UPDATED_FAMILY,9,62,2С,0,1,1,0,0,0,0,0,0
SAPSAN_TYPE2_UPDATED_FAMILY,9,63,2С,1,0,1,1,0,0,0,0,0
SAPSAN_TYPE2_UPDATED_FAMILY,9,64,2С,0,1,1,1,0,0,0,0,0
SAPSAN_TYPE2_UPDATED_FAMILY,9,65,2С,1,0,0,1,1,0,0,0,0
SAPSAN_TYPE2_UPDATED_FAMILY,9,66,2С,0,1,0,1,1,0,0,0,0
SAPSAN_TYPE2_UPDATED_FAMILY,10,1,2Ю,1,0,0,0,0,0,0,0,0
SAPSAN_TYPE2_UPDATED_FAMILY,10,2,2Ю,0,1,0,0,0,0,0,0,0
SAPSAN_TYPE2_UPDATED_FAMILY,10,3,2Ю,1,0,0,0,0,0,0,0,0
SAPSAN_TYPE2_UPDATED_FAMILY,10,4,2Ю,0,1,0,0,0,0,0,0,0
SAPSAN_TYPE2_UPDATED_FAMILY,10,5,2Ю,1,0,0,0,0,0,0,0,0
SAPSAN_TYPE2_UPDATED_FAMILY,10,6,2Ю,0,1,0,0,0,0,0,0,0
SAPSAN_TYPE2_UPDATED_FAMILY,10,7,2Ю,1,0,0,0,0,0,0,0,0
SAPSAN_TYPE2_UPDATED_FAMILY,10,8,2Ю,0,1,0,0,0,0,0,0,0
SAPSAN_TYPE2_UPDATED_FAMILY,10,9,2Ю,1,0,0,0,0,0,0,0,0
SAPSAN_TYPE2_UPDATED_FAMILY,10,10,2Ю,0,1,0,0,0,0,0,0,0
SAPSAN_TYPE2_UPDATED_FAMILY,10,11,2Ю,1,0,0,0,0,0,0,0,0
SAPSAN_TYPE2_UPDATED_FAMILY,10,12,2Ю,0,1,0,0,0,0,0,0,0
SAPSAN_TYPE2_UPDATED_FAMILY,10,13,2Ю,1,0,0,0,0,0,0,0,0
SAPSAN_TYPE2_UPDATED_FAMILY,10,14,2Ю,0,1,0,0,0,0,0,0,0
SAPSAN_TYPE2_UPDATED_FAMILY,10,15,2Ю,1,0,0,0,0,0,0,0,0
SAPSAN_TYPE2_UPDATED_FAMILY,10,16,2Ю,0,1,0,0,0,0,0,0,0
SAPSAN_TYPE2_UPDATED_FAMILY,10,17,2Ю,1,0,1,0,0,0,0,0,0
SAPSAN_TYPE2_UPDATED_FAMILY,10,18,2Ю,0,1,1,0,0,0,0,0,0
SAPSAN_TYPE2_UPDATED_FAMILY,10,19,2Ю,1,0,1,1,0,0,0,0,0
SAPSAN_TYPE2_UPDATED_FAMILY,10,20,2Ю,0,1,1,1,0,0,0,0,0
SAPSAN_TYPE2_UPDATED_FAMILY,10,21,2Ю,1,0,1,1,0,0,0,0,0
SAPSAN_TYPE2_UPDATED_FAMILY,10,22,2Ю,0,1,1,1,0,0,0,0,0
SAPSAN_TYPE2_UPDATED_FAMILY,10,23,2Ю,1,0,1,1,0,0,0,0,0
SAPSAN_TYPE2_UPDATED_FAMILY,10,24,2Ю,0,1,1,1,0,0,0,0,0
SAPSAN_TYPE2_UPDATED_FAMILY,10,25,2Ю,1,0,0,1,0,0,0,0,0
SAPSAN_TYPE2_UPDATED_FAMILY,10,26,2Ю,0,1,0,1,0,0,0,0,0
SAPSAN_TYPE2_UPDATED_FAMILY,10,27,2Ю,1,0,0,1,0,0,0,0,0
SAPSAN_TYPE2_UPDATED_FAMILY,10,28,2Ю,0,1,0,1,0,0,0,0,0
SAPSAN_TYPE2_UPDATED_FAMILY,10,29,2Ю,1,0,0,1,0,0,0,0,0
SAPSAN_TYPE2_UPDATED_FAMILY,10,30,2Ю,0,1,0,1,0,0,0,0,0
SAPSAN_TYPE2_UPDATED_FAMILY,10,31,2Ю,1,0,0,1,0,0,0,0,0
SAPSAN_TYPE2_UPDATED_FAMILY,10,32,2Ю,0,1,0,1,0,0,0,0,0
SAPSAN_TYPE2_UPDATED_FAMILY,10,33,2Ю,1,0,0,0,0,0,0,0,0
SAPSAN_TYPE2_UPDATED_FAMILY,10,34,2Ю,0,1,0,0,0,0,0,0,0
SAPSAN_TYPE2_UPDATED_FAMILY,10,35,2Ю,1,0,0,0,0,0,0,0,0
SAPSAN_TYPE2_UPDATED_FAMILY,10,36,2Ю,0,1,0,0,0,0,0,0,0
SAPSAN_TYPE2_UPDATED_FAMILY,10,37,2Ю,1,0,1,0,0,0,0,0,0
SAPSAN_TYPE2_UPDATED_FAMILY,10,38,2Ю,0,1,1,0,0,0,0,0,0
SAPSAN_TYPE2_UPDATED_FAMILY,10,39,2Ю,1,0,1,1,0,0,0,0,0
SAPSAN_TYPE2_UPDATED_FAMILY,10,40,2Ю,0,1,1,1,0,0,0,0,0
SAPSAN_TYPE2_UPDATED_FAMILY,10,41,2Ю,1,0,1,0,0,0,0,0,0
SAPSAN_TYPE2_UPDATED_FAMILY,10,42,2Ю,0,1,1,0,0,0,0,0,0
SAPSAN_TYPE2_UPDATED_FAMILY,10,43,2Ю,1,0,1,1,0,0,0,0,0
SAPSAN_TYPE2_UPDATED_FAMILY,10,44,2Ю,0,1,1,1,0,0,0,0,0
SAPSAN_TYPE2_UPDATED_FAMILY,10,45,2Я,1,0,1,0,0,0,0,0,0
SAPSAN_TYPE2_UPDATED_FAMILY,10,46,2Я,0,1,1,0,0,0,0,0,0
SAPSAN_TYPE2_UPDATED_FAMILY,10,47,2Я,1,0,0,0,0,0,0,0,0
SAPSAN_TYPE2_UPDATED_FAMILY,10,48,2Я,0,1,0,0,0,0,0,0,0
SAPSAN_TYPE2_UPDATED_FAMILY,10,49,2Ю,1,0,0,1,0,0,0,0,0
SAPSAN_TYPE2_UPDATED_FAMILY,10,50,2Ю,0,1,0,0,0,0,0,0,0
SAPSAN_TYPE2_UPDATED_FAMILY,10,51,2Я,1,0,1,0,0,0,0,0,0
SAPSAN_TYPE2_UPDATED_FAMILY,10,52,2Я,0,1,1,0,0,0,0,0,0
SAPSAN_TYPE2_UPDATED_FAMILY,10,53,2Я,1,0,1,1,0,0,0,0,0
